{"MAE": 0.021487439613526556, "RMSE": 0.0389212504334711, "MAPE": 55.63109096762935, "CRPS": 0.43079488073117966}