{"MAE": 0.025590992875798215, "RMSE": 0.060673949237315915, "MAPE": 36.15756391925735, "CRPS": 0.43356437778884477}