{"MAE": 0.04005464882943143, "RMSE": 0.07551600707335407, "MAPE": 38.226107715813576, "CRPS": 0.49599899093518085}