{"MAE": 0.039033398285268896, "RMSE": 0.07076385613475117, "MAPE": 22.025409193376642, "CRPS": 0.4313643375174486}