{"MAE": 0.02613712374581939, "RMSE": 0.031055893454370886, "MAPE": 49.401960784313715, "CRPS": 0.00027425000838916797}