{"MAE": 0.007164426702618436, "RMSE": 0.01045405251382674, "MAPE": 24.037471113892202, "CRPS": 0.5057046733745498}