{"MAE": 0.018904682274247474, "RMSE": 0.02104197951616222, "MAPE": 38.226107715813576, "CRPS": 0.0003479522740237805}