{"MAE": 0.015357935128005274, "RMSE": 0.023013905676884775, "MAPE": 22.025409193376642, "CRPS": 0.4471130825226014}